addressA,readA,addressB,readB
0,104,131,1
1,199,73,2
2,106,96,3
3,116,237,5
4,82,223,6
5,256,223,6
6,75,223,6
7,237,223,6
8,42,166,10
9,206,192,12
10,187,192,12
11,172,34,14
12,243,56,15
13,252,122,16
14,228,173,17
15,71,164,18
16,125,164,18
17,195,203,20
18,85,152,21
19,249,250,22
20,28,250,22
21,233,43,24
22,232,93,25
23,142,187,26
24,119,229,27
25,91,229,27
26,47,229,27
27,100,202,28
28,52,202,28
29,160,202,28
30,202,195,29
31,155,195,29
32,103,146,31
33,51,144,32
34,14,226,34
35,184,226,34
36,50,186,35
37,89,197,36
38,164,197,36
39,91,163,37
40,38,40,38
41,94,199,42
42,6,199,42
43,24,199,42
44,89,83,43
45,234,227,44
46,95,26,47
47,213,36,50
48,172,249,51
49,179,249,51
50,206,249,51
51,199,249,51
52,156,176,52
53,181,176,52
54,85,215,53
55,18,240,55
56,15,210,57
57,131,210,57
58,117,134,59
59,66,134,59
60,34,236,60
61,62,236,60
62,221,236,60
63,136,236,60
64,113,109,61
65,234,109,61
66,63,214,62
67,162,214,62
68,66,72,63
69,226,72,63
70,253,68,66
71,104,68,66
72,63,99,68
73,2,15,71
74,127,181,72
75,152,181,72
76,235,180,73
77,221,180,73
78,108,251,74
79,151,6,75
80,144,157,76
81,57,213,78
82,93,254,79
83,43,254,79
84,237,254,79
85,177,248,80
86,60,179,81
87,252,4,82
88,51,91,85
89,176,91,85
90,61,91,85
91,85,230,86
92,237,44,89
93,25,44,89
94,220,154,91
95,93,154,91
96,3,154,91
97,27,238,93
98,255,238,93
99,68,238,93
100,252,238,93
101,251,238,93
102,171,41,94
103,59,156,95
104,252,156,95
105,42,217,96
106,210,115,98
107,231,159,100
108,6,159,100
109,61,162,101
110,125,162,101
111,149,162,101
112,118,32,103
113,217,71,104
114,191,71,104
115,98,2,106
116,138,78,108
117,250,222,109
118,93,185,112
119,188,233,113
120,169,233,113
121,154,233,113
122,16,235,116
123,150,235,116
124,178,235,116
125,236,58,117
126,242,112,118
127,180,24,119
128,6,219,120
129,240,212,122
130,248,212,122
131,1,149,124
132,234,110,125
133,162,110,125
134,59,190,126
135,230,74,127
136,203,196,128
137,12,253,131
138,204,253,131
139,209,225,135
140,73,63,136
141,72,116,138
142,101,23,142
143,190,80,144
144,32,241,149
145,36,241,149
146,31,123,150
147,169,79,151
148,29,75,152
149,124,208,153
150,101,121,154
151,198,31,155
152,21,189,156
153,116,189,156
154,91,247,159
155,198,247,159
156,95,29,160
157,76,133,162
158,122,133,162
159,100,231,163
160,60,38,164
161,113,201,165
162,101,147,169
163,37,147,169
164,18,255,170
165,159,228,171
166,10,228,171
167,221,228,171
168,171,48,172
169,213,48,172
170,173,224,173
171,243,224,173
172,28,243,176
173,17,243,176
174,176,243,176
175,60,85,177
176,52,124,178
177,206,49,179
178,228,242,180
179,81,242,180
180,73,53,181
181,72,234,182
182,22,234,182
183,93,35,184
184,188,188,187
185,112,188,187
186,35,184,188
187,26,184,188
188,187,216,189
189,156,143,190
190,126,232,191
191,246,232,191
192,12,17,195
193,226,155,198
194,27,155,198
195,29,51,199
196,128,51,199
197,36,30,202
198,249,205,203
199,42,205,203
200,249,221,204
201,165,221,204
202,28,177,206
203,20,177,206
204,182,177,206
205,203,139,209
206,79,106,210
207,233,239,212
208,153,169,213
209,51,169,213
210,57,113,217
211,225,94,220
212,122,167,221
213,78,167,221
214,62,167,221
215,53,211,225
216,189,193,226
217,96,193,226
218,79,244,227
219,120,178,228
220,251,178,228
221,204,246,229
222,109,135,230
223,6,107,231
224,173,22,232
225,135,207,233
226,34,207,233
227,44,132,234
228,171,132,234
229,27,132,234
230,86,76,235
231,163,125,236
232,191,92,237
233,113,92,237
234,182,92,237
235,116,129,240
236,60,245,241
237,5,126,242
238,93,171,243
239,212,171,243
240,55,191,246
241,149,130,248
242,180,200,249
243,176,200,249
244,227,200,249
245,241,117,250
246,229,220,251
247,159,220,251
248,80,104,252
249,51,104,252
250,22,104,252
251,74,104,252
252,254,70,253
253,131,252,254
254,79,98,255
255,170,5,256
